user_id,first_name,last_name,email,password
1,Ragnar,Nund,rnund0@marketwatch.com,7dWqmD0SN5H7
2,Milzie,Palfreyman,mpalfreyman1@imageshack.us,BcktJsch
3,Allissa,Dunthorne,adunthorne2@trellian.com,GHj2kl
4,Sayers,MacCallester,smaccallester3@youtube.com,aTaqyTMb
5,Hesther,Weth,hweth4@blogspot.com,66jtshWO3n30
6,Vincent,Waything,vwaything5@ed.gov,Yvduzmlpkz4z
7,Darcie,Helsby,dhelsby6@cbslocal.com,dfOYBNFU
8,Bucky,Poxton,bpoxton7@amazon.de,HKtAmfp8VMs
9,Loralie,Farnham,lfarnham8@imgur.com,Swdoyh4PqH
10,Marlo,Briston,mbriston9@nydailynews.com,9WqzVKqHRjz6
11,Camey,Antonescu,cantonescua@ezinearticles.com,p5uOqf3gUqTL
12,Ingamar,Hrihorovich,ihrihorovichb@google.nl,0bMm7P
13,Yvon,Lamacraft,ylamacraftc@i2i.jp,BEbEPc6iw
14,Nessy,Klosser,nklosserd@about.com,yEzwSAet
15,Mercedes,Lacey,mlaceye@nationalgeographic.com,GhYC41tGFX
16,Shaun,Luffman,sluffmanf@istockphoto.com,wAFUvh9JoX
17,El,Ord,eordg@privacy.gov.au,RDG2xcD
18,Rhea,Shurrock,rshurrockh@mozilla.org,pbATPH3
19,Saul,Hulke,shulkei@ehow.com,XJZVaK4weCQP
20,Alexis,Teresse,ateressej@sciencedaily.com,z23XTjKs1oCF
21,Brose,Allsepp,ballseppk@mediafire.com,QKuJIpK8de0k
22,Cindie,Maxstead,cmaxsteadl@zdnet.com,dDL2gF2F
23,Lewiss,de Guerre,ldeguerrem@goo.gl,nkL1XUbHjEe
24,Hoyt,Hopfer,hhopfern@aboutads.info,7M0xewkf
25,Scarlett,Clancey,sclanceyo@de.vu,WW8EjCo
26,Brnaby,Dashper,bdashperp@csmonitor.com,dwPebH81H
27,Ike,Krimmer,ikrimmerq@netlog.com,wgjOGaHQ3SD
28,Ole,Dallimare,odallimarer@engadget.com,WgBcCFpl
29,Arden,Pridding,apriddings@marketwatch.com,RLG2RS0nap
30,Peri,Milnthorpe,pmilnthorpet@vimeo.com,SHeT8KqvYcOP
31,Armand,Challinor,achallinoru@xinhuanet.com,WtQh3GnNZ
32,Staci,Keyes,skeyesv@microsoft.com,Wrb1U1eISUSm
33,Sophie,Northway,snorthwayw@prlog.org,czqvU7HNIG
34,Birch,Heaps,bheapsx@blog.com,mDjEES
35,Wilona,Syer,wsyery@meetup.com,Hx22YRD4IeGY
36,Matthias,Longridge,mlongridgez@yahoo.com,PSwTrq9oGue
37,Linn,Caffrey,lcaffrey10@acquirethisname.com,LZUp5Qa
38,Zondra,Lathwell,zlathwell11@ted.com,4fa6rYLsjFhq
39,Gena,Petrenko,gpetrenko12@de.vu,jwvM4Hf
40,Humberto,Steet,hsteet13@google.ru,zScpjH
41,Carlynne,Woolaston,cwoolaston14@ibm.com,5X1SBN
42,Austin,Aleevy,aaleevy15@webeden.co.uk,zXP34UBcY
43,Elisa,Shinner,eshinner16@time.com,CMielSp
44,Lombard,Thurlbeck,lthurlbeck17@printfriendly.com,WSO6lANkv
45,Manolo,Simonyi,msimonyi18@gov.uk,wyRy2xFzE6
46,Jillayne,Denacamp,jdenacamp19@miitbeian.gov.cn,xOENOY9BZh
47,Adrian,Purrier,apurrier1a@hud.gov,tdFgGF7ZP2UA
48,Arni,Kivits,akivits1b@icio.us,kIovx05Ha
49,Hannie,Meachem,hmeachem1c@oakley.com,5WZPJjI
50,Stevena,Jansens,sjansens1d@ted.com,uRnenKqoePru
51,Norma,Fairrie,nfairrie1e@soup.io,yaWqnI2
52,Daloris,Ecclestone,decclestone1f@netvibes.com,fMuKiv9
53,Dominik,Elleray,delleray1g@sfgate.com,dFYoBPbZlqv
54,Benedikt,Hains,bhains1h@state.gov,ruYcPj
55,Ethelbert,Ashdown,eashdown1i@usnews.com,yn88Gm5AfD
56,Garwood,Shepperd,gshepperd1j@mysql.com,zCJg8oa2ScQ
57,Jayme,Kingscott,jkingscott1k@mediafire.com,XvUzN09mH
58,Jeni,Bettis,jbettis1l@cam.ac.uk,siHo2aBs8Bk
59,Simonette,Tabour,stabour1m@cdbaby.com,hKsXz0oJ3Z1
60,Anna-maria,Gilgryst,agilgryst1n@cornell.edu,MR7CATMgHas
61,Aurie,Howey,ahowey1o@squidoo.com,QSjEt9eZ
62,Perrine,Huddles,phuddles1p@usgs.gov,KSrNIB5de
63,Conney,Giamelli,cgiamelli1q@stanford.edu,SM9XBUMyW
64,Bogart,McLeish,bmcleish1r@gizmodo.com,MyF0RO8rK
65,Alana,Lapham,alapham1s@reference.com,itrFHAa2DOe
66,Althea,Birchall,abirchall1t@joomla.org,o87A3YzjRwL
67,Catha,Buckler,cbuckler1u@mlb.com,jMSQitr0NF
68,Jennifer,MacKowle,jmackowle1v@amazon.co.jp,RyCyAMNGBnK
69,Erich,McWhin,emcwhin1w@i2i.jp,ettiPJJyNG
70,Pebrook,Lazenby,plazenby1x@guardian.co.uk,BLrJp3nGrV5
71,Anna-maria,MacCafferty,amaccafferty1y@cocolog-nifty.com,GZaDtd
72,Sada,Malitrott,smalitrott1z@nyu.edu,2oEuavCfPb
73,Annecorinne,Bromwich,abromwich20@free.fr,mdslgjs
74,Karena,Bynert,kbynert21@yahoo.co.jp,GQA8Btx
75,Erasmus,Beccero,ebeccero22@bbc.co.uk,CBVrQL
76,Babbette,Dumbrall,bdumbrall23@infoseek.co.jp,sjDsNaNS8A
77,Ferdinanda,Robberts,frobberts24@columbia.edu,aEBscOhT4g2r
78,Joachim,Klosser,jklosser25@dropbox.com,LVfJGH8li
79,Jordon,Sunock,jsunock26@about.com,ixw2j8T6B
80,Gray,Copelli,gcopelli27@umn.edu,DGgm11NbMB
81,Mamie,Tonkes,mtonkes28@instagram.com,ZbOOKm5Q
82,William,Rupert,wrupert29@psu.edu,vHXoFyhH
83,Kessia,Clowes,kclowes2a@va.gov,chyKL7xX1c
84,Antonius,Lashley,alashley2b@telegraph.co.uk,FpO0nx
85,Kizzie,Tomadoni,ktomadoni2c@reference.com,MivVLk
86,Clarette,Helder,chelder2d@arizona.edu,ZlCSruJg
87,Marten,Hazeup,mhazeup2e@wikimedia.org,P69c7XG
88,Chris,Awdry,cawdry2f@hc360.com,1XQefdyZrZY
89,Edik,Tiddy,etiddy2g@nih.gov,4Ml08yhPkv
90,Kristofer,Houston,khouston2h@globo.com,fNhqZ4Khf
91,Stanislaus,Gisbey,sgisbey2i@yellowpages.com,TyKWTz07Kr
92,Edin,Whaplington,ewhaplington2j@fema.gov,rjoGASOmUdiL
93,Hakeem,Capelin,hcapelin2k@exblog.jp,C9z5uEj
94,Connie,Budgey,cbudgey2l@hp.com,hs5JuSSxq2
95,Lotte,Godleman,lgodleman2m@studiopress.com,UYBf5dh7M7
96,Cristin,Elloy,celloy2n@squidoo.com,gytuBp
97,Coralie,Handyside,chandyside2o@mlb.com,Fnlv0Myg2
98,Devin,Faint,dfaint2p@bing.com,WsJyc5OM
99,Kiele,Tyt,ktyt2q@google.de,OMwaTq
100,Cinnamon,Lord,clord2r@ox.ac.uk,X5DWprt
